"Fixture","Hash"
"linear-profile-alpha.png","6F506731081F419580DF950FB17FA819FD8695741C975177D80C74E81336E5A1"
"orientation-1.jpg","644C4DBDACCA6AAEB2D9D1335716B6EE9FFE09DC12F11EF614A1D056311586AC"
"orientation-2.jpg","20E03D9EC4BB3F783575021DF8843261FC1108A59DA4085AE53874C36B072808"
"orientation-3.jpg","D65DBFF9076893879D5228104E50D43982E768E50FE0F651EDEE942A932035DC"
"orientation-4.jpg","A756006511C25CB7FED9E7F2D3CCD746A5749433EBA9AE724C7FBF3E5CFA7CF7"
"orientation-5.jpg","D56A9F62D1C8A5949A3E991D2CF6ECF5685CB5AF576D2560FA1014E7ABF1E090"
"orientation-6.jpg","DD185DF131FA3E316C3D9DB9D2762F873C92C1DAAA04235B486B13A16B0A7D02"
"orientation-7.jpg","689A515A1881B96CF56F106A76682CC8DA78755AB56D83FBB45D9C23E45B31F4"
"orientation-8.jpg","9C4F201C65F1224CDF6FC897EC88AD9E6E2F74C50D5F52C8AC955D2722C5AED9"
"thumb-00.png","9DC367DB1ABF9F833815A0CA464A03CD3F56D4152E1CABE73B014732098CA9B4"
"thumb-01.png","BDDE11A1B2418E12218AADBE7731526B734742428A0808D2BBA9FC3B1E003E50"
"thumb-02.png","ABC3FE2F6FA9FDDFE15428D5FBA1C57DB4B8D2D8FA9B766E26133090E100B051"
"thumb-03.png","A66E3335F6F77C3FDC2345C2273A9499BA3C9D9CE936C526D15C4B6BFF0A8B72"
"thumb-04.png","BE5CC3C264C8E2F8701270ECA301DD68FA631949E24C48E43B95DAEE9C44CBC2"
"thumb-05.png","44D41302F307DF13D90101F650E8BCDCB9738B0C541C2C6CD9214889CFC8A1E2"
"thumb-06.png","2CCB5AE12493DF384E18357D977607B4D1A909E9BF69D7DACDB0F99FC8F21FC0"
"thumb-07.png","0A78E9E0EDA4AD8F11BD5115BCDE3FBB608135552A1D5040C25BE38A145B6D8A"
"thumb-08.png","7E664107A6FF851F814B9FA6BF2FE8FA03BC06FA439098C2F0C935B7C4423F04"
"thumb-09.png","70D7130B6B39E2C2A21285DF369E523E719D05F3E6EDC5F8A7C98C69178741F9"
"thumb-10.png","FF0DE9F0064082F53C1582524066ACD2207E8F9938BC85303B422F720D80CC70"
"thumb-11.png","4F83DF241219BCFC2825959BFE386528CD4966CFF7A7096A96653E1F3879A30E"
"thumb-12.png","5285F98A2B4A4ECCD135BC265594544DECF1F0622022A35A7545A7024F8D19B8"
"thumb-13.png","1B63B25629F3CAAA6DF18AA7067132F10A0831DCAAD78FF1A239075039A872E7"
"thumb-14.png","062A285617F39544758D6407B785450989F8E70BE044B0DB6F4317545D44688B"
"thumb-15.png","45EAF0C9E7138CED8516B7CBE0DF72C60BDC87EB977DDAB70D7FDCADEC2A29A4"
"thumb-16.png","B02BAE19FBA08173F58522897BC97DBAC778C4C03D4A72BAC3C85069C1FE700E"
"thumb-17.png","B2724ABF190EA87E64A766135D7AFE0D5F33A0E09BC863967DB13D8B6D3F4A30"
"thumb-18.png","6137F409E783056DFEDBF15072EBDDD48377D76BA8B2B7FACE80A3E5A7923CFB"
"thumb-19.png","016CCB4D1B2ABD572D4F6FE80ECD49D5E6501966093772B819221928AC6FACDB"
"thumb-20.png","5BF0FC5228DF9108FDC9E98F952E587F4D158DE05288C7669E7F0541FC6CB72D"
"thumb-21.png","3B2FDE39EBC7C8B152B1BAFB7097BE05D4FA7B98B45A1CCC2B6CC975D1714632"
"thumb-22.png","382121E126AFB27313C352653018FAAD4C1209EBD9E83890C598128BA77964D6"
"thumb-23.png","F3ED2DD8791E41C4675BC16696A068DE7DCCAB7FB7F633C06932744E0820577E"
"thumb-24.png","D2246912D172AD55DC5BB950218050E8EB5F73A278F99A204B34E379608C2E73"
"thumb-25.png","B4CD785E08DBDE2DCE5FBE15BCD789EA71C4BECFBAD5257D3011C85F3E4817B4"
"thumb-26.png","A4F51419E39554EDF691E70C390DBD74F6AF5A366067FD681633572E90D2CF45"
"thumb-27.png","53EDEAA283248493F3E66C40596CD2226CCDF3FFD4F4859C11581892F5546414"
"thumb-28.png","5636C8FCEEB45C7451801CE3EBC50C7E24E9F69382831365BEC12B76F4A56267"
"thumb-29.png","3F4560103E1FE3876F1FABFA6AF6F97A5ED2CF38ADF2806BBC822858DAF8490D"
"thumb-30.png","17C39D507410C2E15ACE5C548475639B2EAB8FD9BDB8A893126BED2C430A898F"
"thumb-31.png","1729D3D505D1BAA2C16B8610DBC5400E0E0DFEB16A1543A0B374185F574A16F9"
"vector.bmp","5B4E76193D01C2120224A102F709E92CDA35BD0E4EB7B3F100001890FF7457B5"
"vector.gif","EF1955AE757C8B966C83248350331BD3A30F658CED11F387F8EBF05AB3368629"
"vector.jpeg","8A0EB1B082EF8A4405E6316BB926346FFBE2DAB19739BCBAF69CE8A54583C283"
"vector.png","0BC9EDA3601A6F8867986A4FE6F15876A2C13B2012EFACC16A40CD4E84F37711"
"vector.tiff","DAA4846E1E84CF23EC8A046540A91D6AF635E77A05C60AFD3A1A87EB44CAD0C3"
"vector.webp","A8C93489EE497DE457155D81C4A4522A38A2B232111EF99CB00874EB344DC16F"
