"File","Hash"
"Avalonia.Base.dll","B49F14966A9147803FF37141BD0CE40B98D5A6A22E317CAB2EDEAD31853F6471"
"Avalonia.Controls.dll","D15C4A178F4BD49A9EB5AAB4646C8007FF790F98CB9DB299F9405A4A65A76C43"
"Avalonia.DesignerSupport.dll","37BDAFFBBBD0F7229C142BA767DA9B281F9D5C4E436197E4A73C93E43477E4CE"
"Avalonia.Desktop.dll","1DCCC094221902C97F1A4C21096AE2D504CEC38EB4D3814EF7C86CC670C317F6"
"Avalonia.Dialogs.dll","9389CC824B6C0BA4557B7E60E854BEB5E15D23B9AB750F7EEBA769FEB6FDE3E6"
"Avalonia.dll","249A885175B980D2A361BC3A76D389193BB3465358AC4CD40AD2AB98AF00C976"
"Avalonia.Fonts.Inter.dll","7CFE074F78326C6BD15841FDE6BFEBF1FA23D6CDF5A73CFD62E16E9D3CD822E2"
"Avalonia.FreeDesktop.AtSpi.dll","A842467EC870CF6065B55EE4A87CA71B085671CA566416B83135EC0F0D8E7204"
"Avalonia.FreeDesktop.dll","AA069EF27F28F3DAF37DDCB7192CF85C24B4596DAF1DEE182C2B75173492E093"
"Avalonia.HarfBuzz.dll","9BED8F6DCE0D4EB1068172F67CE5DBA2A0C7A416AF3B97BBD22A469964C9F045"
"Avalonia.Headless.dll","FAA6E35818DB8A393B9C47D7DE3DDAEB4EAA6D9D9520A3295F43548F06A375DC"
"Avalonia.Markup.dll","844BBD68F82CC1A0A3A31E6D764AA428D16541B930DE3456F3495B8A9454F3C2"
"Avalonia.Markup.Xaml.dll","89E5F84DD87E64B7FD1BFC03A3C9362FC8C0D1AEBB9CC4AD08227B3C4BBFB508"
"Avalonia.Metal.dll","7C7FA8EAEECA6CCA288FF47555364681250783BF1F5D44CC61CB10CBCBDD9980"
"Avalonia.MicroCom.dll","20C5CCA977A301B74E111062CF10EAD7399E6446FBE0977749169E2211989187"
"Avalonia.Native.dll","E50D71A87D43FE68771F097FE9A45255CE233DD0AA7B8C3C9180C0CC0383ED64"
"Avalonia.OpenGL.dll","1F3D593054B0DD161A1998ADD3CB32AE0D06954F2C9AD90FF05942F302B18E26"
"Avalonia.Remote.Protocol.dll","6E6948E4942E5A661C30970384273512A162E098D47CB7BA5C48F9957957E674"
"Avalonia.Skia.dll","54699FF527A03CD7726FB7202AFCE68A0047B30D6914413A4073027CD6CF6F1F"
"Avalonia.Themes.Fluent.dll","B61C5F579036D62803626902516008DE34AA33CB14E419E3AB5F1F21631068F9"
"Avalonia.Vulkan.dll","C4A4D7290C7679AECCBACA67A5B130F73B163AFD63D0BFD26581F16BAD0EDDAF"
"Avalonia.Win32.Automation.dll","495913FD1EC83BC416ECCDD0A4F19EAF072CFAA8D2D88E3D355FE7BCAAD01618"
"Avalonia.Win32.dll","3F7E67C780A1CB7008D6D4CF9F5E69DE0E025D18F34574B92E0BA3120919EC31"
"Avalonia.X11.dll","44B992FD4A55777B9F387A2A255C9990040C73DC487B6558BCB24249063B82E8"
"HarfBuzzSharp.dll","55E72AC23263F8E12484F3435E02EC22FAC9EFF6E6D169BB0A8C246BE6B99D29"
"Lightflow.G3.deps.json","99F7C93B45F32CFB16F0759BF26774041C26525C102EDC5D786A798EE83FD664"
"Lightflow.G3.dll","A32C67728ABE4F31E9E18F99A957CF37F767BDEF06D2609C45EF433C33048982"
"Lightflow.G3.exe","5E3263AB95EB4DFE1AD2646D2CFC28D13501C9E9C54E5633F0C30243E6F89C7A"
"Lightflow.G3.pdb","8D8E863375E12EAD354A7FA1C0B88FC89AE728731958C3898BBE9AB29D3D375A"
"Lightflow.G3.runtimeconfig.json","28329CF08F6505E73806B17558B187C02F0C1C516FE47EBFB7A013D082AAA306"
"MicroCom.Runtime.dll","2538EC6F3C24E901A90E33C37788B9A4E4B6AE8158CAB7328A00A00BB28EAB9E"
"SkiaSharp.dll","03A164AC1097F84793632DF806DA91E2829F0FCA65D8F2B922E45554AB083296"
"System.IO.Pipelines.dll","86D0F5BFAAF1B2AB19331B543A736D87B5B58E72158F4DED282122B2E6665F83"
"Tmds.DBus.Protocol.dll","40A2784F7184003B3E4C384FD8A16DB7B7623AB20523B10AD96F46B998F16224"
