volume,label,nameA,nameB,firstStatus,secondStatus,sameFileId,keyA,keyB,firstId,lookupId,requestedHash,resolvedHash,physicalPath
case-insensitive APFS,case-only,Case.mov,case.mov,Succeeded,AlreadyExists,True,CASE.MOV,CASE.MOV,4e4354ea-0ea3-41e4-a3ea-5ea162ca1b4e,4e4354ea-0ea3-41e4-a3ea-5ea162ca1b4e,9C305334AB56EF09CE1032C2AD9F2E66DD5100E4AA79D047E5F26905751E1BEB,9C305334AB56EF09CE1032C2AD9F2E66DD5100E4AA79D047E5F26905751E1BEB,/Users/jeremyrunning/Git/agents/Agent-X2-Mac-Catalog-Proof-20261005-01a10e68/work/data/local-media-02/Case.mov
case-insensitive APFS,NFC-NFD,café.mov,café.mov,Succeeded,Succeeded,True,CAFÉ.MOV,CAFÉ.MOV,b5239356-5cff-4776-82ee-487f2ca8df9e,a65fbbbe-606c-4fac-be7b-dcbf9a2ec521,B4574B1EE18AA338BBA232EBF8563CC299DC52DE3ADB5914BA3FD4C79A334642,B4574B1EE18AA338BBA232EBF8563CC299DC52DE3ADB5914BA3FD4C79A334642,/Users/jeremyrunning/Git/agents/Agent-X2-Mac-Catalog-Proof-20261005-01a10e68/work/data/local-media-02/café.mov
case-insensitive APFS,literal-backslash,nested/name.mov,nested\name.mov,Succeeded,AlreadyExists,False,NESTED/NAME.MOV,NESTED/NAME.MOV,dec63b72-c9ad-437b-8982-bdadb957c2ef,dec63b72-c9ad-437b-8982-bdadb957c2ef,5103C5D263D2539738F27F1F9D5EB67B09C8C69F74A31E8AE74A35AD092C8C2C,9753C8E2C9DAF0EA1CB369E108B83A3A03D2FE4C2ABC6B275739D165EFADBE77,/Users/jeremyrunning/Git/agents/Agent-X2-Mac-Catalog-Proof-20261005-01a10e68/work/data/local-media-02/nested/name.mov
case-insensitive APFS,leading-trailing-space,trim.mov, trim.mov ,Succeeded,AlreadyExists,False,TRIM.MOV,TRIM.MOV,3f85acd8-a027-4e81-b982-f49479259408,3f85acd8-a027-4e81-b982-f49479259408,CEFDB1F8320008ED0318FFB7804CA1FD3101205B4588441E7CFD88F4C2BCDF1B,E39E93895C12B41B6E31DF0449CBE406D57820880679F457DC1BB332525887C9,/Users/jeremyrunning/Git/agents/Agent-X2-Mac-Catalog-Proof-20261005-01a10e68/work/data/local-media-02/trim.mov
case-insensitive APFS,legal-name,CON.mov,,Succeeded,,,,,0e9733ab-8607-4c41-9a06-02ea9034320b,,,,
case-insensitive APFS,legal-name,colon:name.mov,,Succeeded,,,,,eefd2fe6-2129-4d53-892a-2b64e3f12b37,,,,
case-insensitive APFS,legal-name,question?.mov,,Succeeded,,,,,b916c730-cc5d-4bd3-b816-9a2d4484b1ae,,,,
case-insensitive APFS,legal-name,trailing-dot.mov.,,Succeeded,,,,,5ea57697-8b47-4153-88a5-1285254ebe14,,,,
case-insensitive APFS,legal-name,emoji-😀.mov,,Succeeded,,,,,34a901f4-af57-49e8-8d80-ea916ec191d8,,,,
case-insensitive APFS,symlink escape,,,Succeeded,,,,,,,,,/Users/jeremyrunning/Git/agents/Agent-X2-Mac-Catalog-Proof-20261005-01a10e68/work/data/local-media-02/link-out/escape.mov
case-sensitive APFS,case-only,Case.mov,case.mov,Succeeded,AlreadyExists,False,CASE.MOV,CASE.MOV,71e7fdbf-b172-4a52-9487-4b0b8812353d,71e7fdbf-b172-4a52-9487-4b0b8812353d,9C305334AB56EF09CE1032C2AD9F2E66DD5100E4AA79D047E5F26905751E1BEB,5C0FB43404718276E002407EB9D8EC8A951AD720731C57EBBE869CFD2E1D7AC9,/Users/jeremyrunning/Git/agents/Agent-X2-Mac-Catalog-Proof-20261005-01a10e68/work/data/case-mount/media/Case.mov
case-sensitive APFS,NFC-NFD,café.mov,café.mov,Succeeded,Succeeded,True,CAFÉ.MOV,CAFÉ.MOV,e86fbb61-067b-4e52-a09e-cd1a2a3a7a80,e29cfd4f-cf1a-4cb6-8487-64934101e7ac,B4574B1EE18AA338BBA232EBF8563CC299DC52DE3ADB5914BA3FD4C79A334642,B4574B1EE18AA338BBA232EBF8563CC299DC52DE3ADB5914BA3FD4C79A334642,/Users/jeremyrunning/Git/agents/Agent-X2-Mac-Catalog-Proof-20261005-01a10e68/work/data/case-mount/media/café.mov
case-sensitive APFS,literal-backslash,nested/name.mov,nested\name.mov,Succeeded,AlreadyExists,False,NESTED/NAME.MOV,NESTED/NAME.MOV,deb962ae-012f-4953-9a8c-1314fd656391,deb962ae-012f-4953-9a8c-1314fd656391,5103C5D263D2539738F27F1F9D5EB67B09C8C69F74A31E8AE74A35AD092C8C2C,9753C8E2C9DAF0EA1CB369E108B83A3A03D2FE4C2ABC6B275739D165EFADBE77,/Users/jeremyrunning/Git/agents/Agent-X2-Mac-Catalog-Proof-20261005-01a10e68/work/data/case-mount/media/nested/name.mov
case-sensitive APFS,leading-trailing-space,trim.mov, trim.mov ,Succeeded,AlreadyExists,False,TRIM.MOV,TRIM.MOV,a8411187-aecf-45c2-b42c-379bfcf0364b,a8411187-aecf-45c2-b42c-379bfcf0364b,CEFDB1F8320008ED0318FFB7804CA1FD3101205B4588441E7CFD88F4C2BCDF1B,E39E93895C12B41B6E31DF0449CBE406D57820880679F457DC1BB332525887C9,/Users/jeremyrunning/Git/agents/Agent-X2-Mac-Catalog-Proof-20261005-01a10e68/work/data/case-mount/media/trim.mov
case-sensitive APFS,legal-name,CON.mov,,Succeeded,,,,,5f48b9ff-b1dc-4ea4-870a-22cf380eabf9,,,,
case-sensitive APFS,legal-name,colon:name.mov,,Succeeded,,,,,aecbffcc-4a1f-4f8b-bd4e-09d1fc344b56,,,,
case-sensitive APFS,legal-name,question?.mov,,Succeeded,,,,,d093eef1-50f2-4868-b6c1-0a63a02697e9,,,,
case-sensitive APFS,legal-name,trailing-dot.mov.,,Succeeded,,,,,c7c80d17-1aa6-4c00-92cf-9be1b83637d4,,,,
case-sensitive APFS,legal-name,emoji-😀.mov,,Succeeded,,,,,56bd8f26-f7bf-49d7-8b5e-57e65c5810ef,,,,
case-sensitive APFS,symlink escape,,,Succeeded,,,,,,,,,/Users/jeremyrunning/Git/agents/Agent-X2-Mac-Catalog-Proof-20261005-01a10e68/work/data/case-mount/media/link-out/escape.mov
