"File","Lines","Groups","HasDirectPlatformSymbol"
"Lightflow.Actions/KeyboardShortcuts.cs","196","Filesystem,Integration,UI","False"
"Lightflow.Actions/ReviewShellActions.cs","76","","False"
"Lightflow.Actions/ReviewPresentationActions.cs","86","","False"
"Lightflow.Actions/PlayerActions.cs","146","","False"
"Lightflow.Actions/BrowserActions.cs","103","UI","False"
"Lightflow.Actions/ActionContracts.cs","52","UI","False"
"LightflowStudio/WorkspaceWindowPlacement.cs","48","UI","False"
"LightflowStudio/WorkspaceTreeRestoration.cs","55","Filesystem,Integration","False"
"LightflowStudio/WorkspaceState.cs","323","Filesystem,Integration","False"
"LightflowStudio/WorkspaceContinuation.cs","114","Filesystem","False"
"LightflowStudio/WindowsKeyboardShortcuts.cs","25","UI","True"
"LightflowStudio/WindowAppearance.cs","23","UI,Win32","True"
"LightflowStudio/VisualIndexView.xaml.cs","73","Filesystem,UI","True"
"LightflowStudio/VisualIndexJobs.cs","97","Filesystem","False"
"LightflowStudio/VisualIndex.cs","157","Media,UI","True"
"LightflowStudio/VideoOrientation.cs","123","Filesystem","False"
"LightflowStudio/ValidationPresentation.cs","58","Filesystem,Win32","True"
"LightflowStudio/TrimStatePersistence.cs","18","","False"
"LightflowStudio/TrimSelection.cs","59","","False"
"LightflowStudio/TrimRangeIndicator.cs","52","UI","True"
"LightflowStudio/TrimIndicatorPresentation.cs","15","","False"
"LightflowStudio/TrimHistoryStore.cs","239","Filesystem","False"
"LightflowStudio/TrimEditorWindow.xaml.cs","277","UI","True"
"LightflowStudio/TrimEditorPlayback.cs","27","Filesystem","False"
"LightflowStudio/TrimEditorCloseLifecycle.cs","22","Filesystem","False"
"LightflowStudio/TreeDropPresentation.cs","16","UI","True"
"LightflowStudio/TimelineSeek.cs","31","","False"
"LightflowStudio/ThumbnailGeneration.cs","730","Filesystem,Integration,Media,UI","True"
"LightflowStudio/TextInputHint.cs","12","UI","True"
"LightflowStudio/TextEntryDialog.xaml.cs","33","UI","True"
"LightflowStudio/SubclipsView.xaml.cs","28","UI","True"
"LightflowStudio/SubclipPosters.cs","121","Filesystem,Media","False"
"LightflowStudio/SubclipPanelPresentation.cs","38","UI","True"
"LightflowStudio/StorageManagement.cs","952","Filesystem,Integration,Win32","False"
"LightflowStudio/StartupStoreEvidence.cs","191","Filesystem,Win32","True"
"LightflowStudio/StartupSplash.cs","126","Filesystem,Media,UI,Win32","True"
"LightflowStudio/StartupDiagnostics.cs","65","Filesystem","False"
"LightflowStudio/SmartCollectionDialog.xaml.cs","123","Filesystem,Integration,UI","True"
"LightflowStudio/ShellWorkspace.cs","36","","False"
"LightflowStudio/Properties/AssemblyInfo.cs","3","","False"
"LightflowStudio/ProcessSuspender.cs","37","Win32","True"
"LightflowStudio/PreviewRetryPolicy.cs","25","","False"
"LightflowStudio/PreviewRegenerationVerifier.cs","159","Filesystem,Integration,Media,UI","True"
"LightflowStudio/PreviewQuiescenceVerifier.cs","135","Filesystem,Media","False"
"LightflowStudio/PreviewPersistence.cs","628","Filesystem,Integration","False"
"LightflowStudio/PreviewMaintenance.cs","438","Filesystem,Integration","False"
"LightflowStudio/PreviewLocationDialog.xaml.cs","23","UI","True"
"LightflowStudio/PreviewFailure.cs","31","Filesystem","False"
"LightflowStudio/PremiereSendWindow.xaml.cs","142","Integration,UI","True"
"LightflowStudio/PremiereSendState.cs","75","Filesystem,Integration","False"
"LightflowStudio/PremiereSendPlanning.cs","46","Integration","False"
"LightflowStudio/PremiereSendModel.cs","96","Integration","False"
"LightflowStudio/PremiereMarkers.cs","154","Integration","False"
"LightflowStudio/PremiereJobs.cs","377","Filesystem,Integration","False"
"LightflowStudio/PremiereIntegrationWindow.xaml.cs","88","Integration,UI","True"
"LightflowStudio/PremiereInstallation.cs","62","Integration","False"
"LightflowStudio/PremiereHandoff.cs","346","Filesystem,Integration","False"
"LightflowStudio/PremiereBridge.cs","373","Filesystem,Integration","True"
"LightflowStudio/PlayerViewerHost.xaml.cs","1689","Filesystem,Integration,Media,Packaging,UI","True"
"LightflowStudio/PlayerViewerHost.Workspace.cs","40","","False"
"LightflowStudio/PlayerViewerHost.VisualIndex.cs","84","Filesystem","False"
"LightflowStudio/PlayerViewerHost.Shortcuts.cs","57","Filesystem,Integration,UI","True"
"LightflowStudio/PlayerViewerHost.Rotation.cs","102","UI","True"
"LightflowStudio/PlayerViewerHost.Review.cs","242","Media,Packaging,UI","True"
"LightflowStudio/PlayerViewerHost.PresentationActions.cs","116","Filesystem,UI","True"
"LightflowStudio/PlayerViewerHost.Markers.cs","178","Filesystem,UI","True"
"LightflowStudio/PlayerViewerHost.Filmstrip.cs","138","Filesystem,Integration,UI","True"
"LightflowStudio/PlayerViewerHost.Actions.cs","166","Filesystem,Integration,UI","True"
"LightflowStudio/PlayerSurfaceInput.cs","140","Filesystem,UI","True"
"LightflowStudio/PlayerReviewSet.cs","41","","False"
"LightflowStudio/PlayerReviewOptions.cs","51","Media","True"
"LightflowStudio/PlayerKeyboardOwnership.cs","146","Filesystem,Integration,UI","True"
"LightflowStudio/PlayerFullscreenPresentation.cs","66","UI","True"
"LightflowStudio/PlayerFullscreenOverlay.cs","81","UI","True"
"LightflowStudio/OwnedStoragePaths.cs","21","Filesystem","False"
"LightflowStudio/OutputDestination.cs","68","Filesystem,Integration","False"
"LightflowStudio/OrientedPreviewImage.cs","131","Filesystem,Media,UI","True"
"LightflowStudio/NoticeDialog.xaml.cs","24","UI","True"
"LightflowStudio/NewCollectionDialog.xaml.cs","35","UI","True"
"LightflowStudio/NameParts.cs","120","Filesystem,Integration","False"
"LightflowStudio/ModernExportJobCoordinator.cs","61","","False"
"LightflowStudio/MediaWarningAnalyzer.cs","43","","False"
"LightflowStudio/MediaRoots.cs","394","Filesystem,Integration","False"
"LightflowStudio/MediaRootMonitoring.cs","367","Filesystem,Integration","False"
"LightflowStudio/MediaRangeTimelinePresentation.cs","32","Integration","False"
"LightflowStudio/MediaPlaybackView.cs","28","UI","True"
"LightflowStudio/MediaPlaybackService.cs","345","Filesystem","False"
"LightflowStudio/MediaPlaybackLeaseSession.cs","36","","False"
"LightflowStudio/MediaPlaybackCoordinator.cs","61","Filesystem","False"
"LightflowStudio/MediaPlayback.cs","168","Filesystem,UI","True"
"LightflowStudio/MediaMetadataPresentation.cs","33","Filesystem","False"
"LightflowStudio/MediaMetadataParser.cs","78","","False"
"LightflowStudio/MediaMetadata.cs","16","","False"
"LightflowStudio/MediaInspectorView.xaml.cs","183","Filesystem,UI","True"
"LightflowStudio/MediaInspectorView.Markers.cs","161","Media,UI","True"
"LightflowStudio/MediaInspector.cs","204","Filesystem,Integration","False"
"LightflowStudio/MediaFrameRate.cs","28","","False"
"LightflowStudio/MediaFileCatalog.cs","47","Filesystem","False"
"LightflowStudio/MediaDiscovery.cs","361","Filesystem,Integration,Win32","False"
"LightflowStudio/MediaAssets.cs","559","Filesystem,Integration","False"
"LightflowStudio/MediaAspectRatio.cs","74","Integration,Media","False"
"LightflowStudio/MarkerThumbnails.cs","157","Filesystem,Integration","False"
"LightflowStudio/MarkerMenus.cs","24","Filesystem,UI","True"
"LightflowStudio/MainWindow.xaml.cs","6950","Filesystem,Integration,Media,UI","True"
"LightflowStudio/MainWindow.Workspace.cs","238","Filesystem,Integration,UI","True"
"LightflowStudio/MainWindow.VisualIndex.cs","48","UI","True"
"LightflowStudio/MainWindow.Startup.cs","35","Filesystem,UI","True"
"LightflowStudio/MainWindow.SmartCollections.cs","233","Filesystem,UI","True"
"LightflowStudio/MainWindow.Shortcuts.Presentation.cs","166","Filesystem,Integration,UI","True"
"LightflowStudio/MainWindow.Shortcuts.cs","191","Integration,UI","True"
"LightflowStudio/MainWindow.Rotation.cs","56","UI","True"
"LightflowStudio/MainWindow.ReviewActions.cs","133","Filesystem,UI","True"
"LightflowStudio/MainWindow.Premiere.cs","105","Integration,UI","True"
"LightflowStudio/MainWindow.Jobs.cs","140","Filesystem,Integration,UI","True"
"LightflowStudio/MainWindow.Inspector.cs","156","Filesystem,Integration,UI","True"
"LightflowStudio/MainWindow.Explorer.cs","41","Filesystem,UI","True"
"LightflowStudio/MainWindow.Details.cs","201","UI","True"
"LightflowStudio/MainWindow.CatalogBackup.cs","43","UI","True"
"LightflowStudio/MainWindow.BrowserActions.cs","131","UI","True"
"LightflowStudio/LutCatalog.cs","70","Filesystem","False"
"LightflowStudio/LowLevelMouseWheelHook.cs","83","Filesystem,UI,Win32","True"
"LightflowStudio/LightflowSubmenuPopup.cs","80","Integration,UI","True"
"LightflowStudio/LightflowStorageLocations.cs","165","Filesystem,Integration","False"
"LightflowStudio/LightflowColorPostProcessor.cs","119","Media","True"
"LightflowStudio/JobsWorkspacePresentation.cs","211","Filesystem,Integration","False"
"LightflowStudio/JobsRadialProgress.cs","63","UI","True"
"LightflowStudio/JobsPresentation.cs","276","Filesystem,Integration","False"
"LightflowStudio/JobsAdmission.cs","94","Filesystem","False"
"LightflowStudio/JobRuntimeStatusPresentation.cs","46","","False"
"LightflowStudio/JobRuntime.cs","505","Filesystem","False"
"LightflowStudio/JobOutputLocation.cs","11","","False"
"LightflowStudio/JobModel.cs","210","Integration","False"
"LightflowStudio/JobHistory.cs","247","Filesystem,Integration","False"
"LightflowStudio/JobExecution.cs","280","Filesystem","False"
"LightflowStudio/JobActionState.cs","26","","False"
"LightflowStudio/InspectorDescriptionEditor.cs","241","Filesystem,Integration","False"
"LightflowStudio/IndependentExportJobs.cs","543","Filesystem","False"
"LightflowStudio/FrameStepQueue.cs","105","Filesystem","False"
"LightflowStudio/FrameScreengrab.cs","109","Filesystem,Media,UI","True"
"LightflowStudio/FolderStructurePolicy.cs","10","","False"
"LightflowStudio/FlyleafPlaybackBackend.cs","714","Filesystem,Media,UI","True"
"LightflowStudio/FileOperations.cs","545","Filesystem,Integration","False"
"LightflowStudio/FfprobePixelFormats.Generated.cs","239","Media","False"
"LightflowStudio/FfprobePixelFormats.cs","11","Media","False"
"LightflowStudio/FfmpegProgressParser.cs","13","Media","False"
"LightflowStudio/FfmpegCommandBuilder.cs","184","Integration,Media","False"
"LightflowStudio/FfmpegAudioPlayback.cs","196","Filesystem,Media","True"
"LightflowStudio/ExportPresentation.cs","54","Media","False"
"LightflowStudio/ExportMaterialization.cs","121","Integration","False"
"LightflowStudio/ExportJobCoordinator.cs","88","Filesystem","False"
"LightflowStudio/ExportDialogModel.cs","458","Filesystem,Integration,Media","False"
"LightflowStudio/ExportDialog.xaml.cs","287","Integration,Media,UI","True"
"LightflowStudio/ExportDestination.cs","48","Filesystem,Integration","False"
"LightflowStudio/ExportDefaultsStore.cs","42","","False"
"LightflowStudio/ExplorerHandoff.cs","70","Filesystem,Integration","False"
"LightflowStudio/ExistingOutputPolicy.cs","7","","False"
"LightflowStudio/ExecutableLocator.cs","16","","False"
"LightflowStudio/EncodingRangeResolver.cs","67","Integration,Media","False"
"LightflowStudio/EncodingPresetCatalog.cs","39","","False"
"LightflowStudio/EncodingPauseController.cs","33","Filesystem","False"
"LightflowStudio/EncodingPathPlanner.cs","60","Filesystem","False"
"LightflowStudio/EncodingOutputLifecycle.cs","106","Filesystem","False"
"LightflowStudio/EncodingOutputIdentity.cs","108","Filesystem,Integration","False"
"LightflowStudio/EncodingOptions.cs","104","Media","False"
"LightflowStudio/EncodingModels.cs","20","","False"
"LightflowStudio/EncodingJobRecovery.cs","53","Integration","False"
"LightflowStudio/EncodingJobPlanning.cs","267","Filesystem,Integration","False"
"LightflowStudio/EncodingJobExecutor.cs","163","Integration,Media","False"
"LightflowStudio/EncodingFrameProbeWindow.cs","40","","False"
"LightflowStudio/EncodingColor.cs","113","Filesystem,Integration","False"
"LightflowStudio/EncodingClosePolicy.cs","7","","False"
"LightflowStudio/EncodingCloseDialog.xaml.cs","35","UI","True"
"LightflowStudio/EncoderCapabilities.cs","72","Media","False"
"LightflowStudio/EncodedOutputValidator.cs","35","Media","False"
"LightflowStudio/DetachedBitmap.cs","21","Media,UI","True"
"LightflowStudio/DerivedWorkScheduling.cs","605","Filesystem,Integration","False"
"LightflowStudio/DerivedMediaMetadata.cs","459","Filesystem,Media,UI","True"
"LightflowStudio/DerivedFrameDemands.cs","103","Filesystem","False"
"LightflowStudio/DerivedFrameColor.cs","17","Integration","False"
"LightflowStudio/DependencyHealthCheck.cs","101","Filesystem,Media","False"
"LightflowStudio/DeletePreflight.cs","236","Filesystem,Win32","True"
"LightflowStudio/CsvFormatter.cs","6","","False"
"LightflowStudio/ContextualRightPanel.xaml.cs","64","UI","True"
"LightflowStudio/ConfirmationDialog.xaml.cs","65","Integration,UI","True"
"LightflowStudio/CompactJobsView.xaml.cs","29","UI","True"
"LightflowStudio/ColorManagement.cs","722","Filesystem,Integration","False"
"LightflowStudio/CatalogSubclips.cs","375","Filesystem,Integration","False"
"LightflowStudio/CatalogSqliteConnectionFactory.cs","90","","False"
"LightflowStudio/CatalogSmartCollections.cs","91","","False"
"LightflowStudio/CatalogRecovery.cs","331","Filesystem","False"
"LightflowStudio/CatalogReconciliation.cs","189","Filesystem","False"
"LightflowStudio/CatalogPreviewFrames.cs","103","Filesystem","False"
"LightflowStudio/CatalogPackageRuntimeVerifier.cs","115","Filesystem,Packaging","False"
"LightflowStudio/CatalogMutationLifecycle.cs","173","Filesystem","False"
"LightflowStudio/CatalogMigrations.cs","665","Integration","False"
"LightflowStudio/CatalogMediaRanges.cs","79","Filesystem","False"
"LightflowStudio/CatalogMarkers.cs","124","Filesystem","False"
"LightflowStudio/CatalogExitBackup.cs","113","Filesystem","False"
"LightflowStudio/CatalogDescriptions.cs","141","Filesystem","False"
"LightflowStudio/CatalogDatabaseService.cs","457","Filesystem","False"
"LightflowStudio/CatalogDatabaseContracts.cs","95","","False"
"LightflowStudio/CatalogCollections.cs","683","Filesystem","False"
"LightflowStudio/CatalogClassifications.cs","147","Filesystem","False"
"LightflowStudio/CatalogBackupPathVerifier.cs","123","Filesystem","False"
"LightflowStudio/CatalogBackupDialog.xaml.cs","126","UI","True"
"LightflowStudio/CatalogAssetState.cs","154","Filesystem","False"
"LightflowStudio/CapabilityInvocation.cs","234","Filesystem,Integration","False"
"LightflowStudio/CachedPreviewImageConverter.cs","34","Filesystem,Media,UI","True"
"LightflowStudio/BrowserTree.cs","456","Filesystem,Integration","False"
"LightflowStudio/BrowserStructuredFilterInput.cs","53","Filesystem","False"
"LightflowStudio/BrowserStorage.cs","267","Filesystem,Integration","False"
"LightflowStudio/BrowserStatusPresentation.cs","34","UI","False"
"LightflowStudio/BrowserSelectionActions.cs","91","Integration","False"
"LightflowStudio/BrowserRecursiveScope.cs","364","Filesystem","False"
"LightflowStudio/BrowserRecursiveRoots.cs","182","Filesystem","False"
"LightflowStudio/BrowserQueryIntent.cs","62","","False"
"LightflowStudio/BrowserQuery.cs","512","Filesystem,Media,Win32","False"
"LightflowStudio/BrowserPreviewReuse.cs","26","Filesystem","False"
"LightflowStudio/BrowserPlayerViewer.cs","96","","False"
"LightflowStudio/BrowserPerformance.cs","10","","False"
"LightflowStudio/BrowserNavigation.cs","612","Filesystem,Integration,Win32","False"
"LightflowStudio/BrowserLocationRestoration.cs","90","Integration","False"
"LightflowStudio/BrowserGrid.cs","976","Filesystem,Integration,Media,UI,Win32","True"
"LightflowStudio/BrowserFolderDragGesture.cs","76","Integration,UI","True"
"LightflowStudio/BrowserFilterRowEditor.cs","454","Filesystem,UI","True"
"LightflowStudio/BrowserFilterDescriptors.cs","76","Filesystem","False"
"LightflowStudio/BrowserDetails.cs","93","UI","True"
"LightflowStudio/BrowserCollections.cs","501","Filesystem,Integration,Win32","False"
"LightflowStudio/BrowserCatalogScope.cs","13","Win32","False"
"LightflowStudio/BatchStatusPresentation.cs","19","","False"
"LightflowStudio/BatchStartReadiness.cs","15","","False"
"LightflowStudio/BatchProgressState.cs","28","","False"
"LightflowStudio/BatchLogFormatter.cs","45","","False"
"LightflowStudio/BatchFileSelectionMemory.cs","42","Filesystem","False"
"LightflowStudio/BatchFileSelection.cs","25","","False"
"LightflowStudio/BatchFileOption.cs","139","Media","False"
"LightflowStudio/BatchEtaEstimator.cs","22","","False"
"LightflowStudio/AssetCopying.cs","107","Filesystem","False"
"LightflowStudio/AppVersion.cs","9","","False"
"LightflowStudio/AppStateStore.cs","58","","False"
"LightflowStudio/AppSettingsStore.cs","158","Filesystem,Media","False"
"LightflowStudio/ApplicationWindowActivation.cs","78","UI,Win32","True"
"LightflowStudio/ApplicationInstance.cs","198","Filesystem,Win32","False"
"LightflowStudio/ApplicationDataProfile.cs","193","Filesystem,Integration","False"
"LightflowStudio/App.xaml.cs","306","Filesystem,Media,UI,Win32","True"
"LightflowStudio/AddToCollectionDialog.xaml.cs","49","Filesystem,UI","True"
"LightflowStudio/ActivityLogFile.cs","64","","False"
"LightflowStudio/ActivityLog.cs","13","","False"
